step,img_per_s,l1,dice,advance,g_loss,lr,grad_norm
100,48.9915,0.197249,0.344472,0.0431494,2.70458,1.68333e-05,4.67398
200,110.39,0.197006,0.342204,0.0429114,2.69738,5.01667e-05,nan
300,102.829,0.201469,0.354098,0.0456997,2.76859,8.35e-05,5.93681
400,103.764,0.207333,0.358129,0.0466217,2.83621,9.99959e-05,6.3338
500,106.169,0.205977,0.354469,0.0456921,2.8144,9.9971e-05,5.7402
600,104.061,0.202485,0.345612,0.0453895,2.76146,9.99212e-05,5.78264
700,105.123,0.201395,0.352832,0.0454611,2.76507,9.98465e-05,6.00674
800,105.469,0.206221,0.355216,0.0458125,2.81845,9.97469e-05,5.30996
900,104.46,0.202329,0.351062,0.0474183,2.77284,9.96224e-05,5.82385
1000,104.811,0.199876,0.355222,0.044588,2.7538,9.94731e-05,5.36388
1100,104.807,0.199979,0.351552,0.0437893,2.74669,9.92991e-05,5.76833
1200,105.949,0.20072,0.354197,0.0452932,2.76088,9.91006e-05,5.62761
1300,105.649,0.202386,0.353552,0.0449565,2.77592,9.88775e-05,5.81569
1400,105.413,0.201096,0.345983,0.0450584,2.74799,9.863e-05,nan
1500,106.054,0.202057,0.359012,0.0446561,2.78325,9.83583e-05,5.95912
1600,105.319,0.204108,0.353844,0.0456338,2.79441,9.80625e-05,5.12711
1700,105.19,0.202822,0.347896,0.0450124,2.76902,9.77427e-05,5.31144
1800,105.261,0.200291,0.350007,0.0460338,2.74896,9.73991e-05,5.84629
1900,101.053,0.201459,0.350362,0.0451543,2.76047,9.70319e-05,5.44815
2000,104.949,0.201936,0.352327,0.0465694,2.77059,9.66413e-05,5.69032
2000,,,,,,,
2100,67.8127,0.20018,0.353603,0.0467661,2.75578,9.62275e-05,5.69303
2200,105.432,0.206041,0.356354,0.0451661,2.81828,9.57907e-05,5.87047
2300,105.513,0.20275,0.34873,0.0446116,2.76957,9.53311e-05,5.53224
2400,104.729,0.202771,0.35322,0.0448126,2.77897,9.4849e-05,6.33364
2500,105.556,0.200484,0.345621,0.045622,2.74171,9.43447e-05,5.90811
2600,105.567,0.201382,0.350175,0.045487,2.75966,9.38183e-05,5.26791
2700,104.621,0.197788,0.355509,0.0458574,2.73475,9.32702e-05,6.18866
2800,76.3882,0.204257,0.350318,0.0450099,2.78821,9.27007e-05,5.0452
2900,98.9183,0.202951,0.354546,0.0443456,2.78295,9.211e-05,5.96901
3000,104.166,0.204212,0.350867,0.0446297,2.78849,9.14986e-05,5.53227
3100,103.868,0.202611,0.353573,0.0459455,2.7792,9.08666e-05,5.87093
3200,105.212,0.19943,0.346411,0.044304,2.73142,9.02144e-05,5.60474
3300,105.161,0.200065,0.354515,0.0456904,2.75537,8.95424e-05,5.28648
3400,105.029,0.196244,0.352301,0.0438958,2.71094,8.88509e-05,6.05391
3500,105.728,0.203458,0.345675,0.0454555,2.77139,8.81403e-05,5.69348
3600,104.849,0.20151,0.351866,0.0461521,2.76498,8.7411e-05,5.40521
3700,105.108,0.202037,0.342168,0.0442874,2.749,8.66633e-05,5.94187
3800,105.431,0.200819,0.34768,0.0455927,2.74914,8.58976e-05,nan
3900,104.926,0.198933,0.337448,0.0442024,2.70843,8.51144e-05,5.7315
4000,83.7338,0.204444,0.358328,0.0461682,2.80727,8.4314e-05,5.49857
4000,,,,,,,
4100,64.2594,0.201985,0.352556,0.0471949,2.77216,8.34969e-05,5.53235
4200,106.917,0.199225,0.344833,0.0446702,2.72658,8.26635e-05,5.45058
4300,106.147,0.199544,0.347082,0.0443304,2.73394,8.18143e-05,5.94355
4400,89.2771,0.200556,0.34941,0.0468354,2.75121,8.09496e-05,6.00255
4500,106.278,0.197487,0.342165,0.0445881,2.70378,8.007e-05,5.44984
4600,107.015,0.201952,0.34554,0.0462556,2.75685,7.91758e-05,5.78266
4700,106.44,0.199219,0.340594,0.0433316,2.71671,7.82677e-05,5.84448
4800,105.594,0.202288,0.344739,0.0459465,2.75831,7.7346e-05,5.93608
4900,105.077,0.19809,0.346313,0.0462783,2.7198,7.64112e-05,5.62406
5000,104.995,0.200104,0.350527,0.0458339,2.74793,7.54639e-05,5.8136
5100,104.685,0.200126,0.347856,0.0444374,2.74141,7.45045e-05,5.37631
5200,104.852,0.199929,0.350111,0.0460214,2.74554,7.35335e-05,5.41217
5300,105.174,0.196555,0.347017,0.0459816,2.70556,7.25514e-05,5.45893
5400,104.979,0.196106,0.34228,0.0445036,2.69012,7.15589e-05,5.17386
5500,105.356,0.199988,0.349529,0.0451526,2.74409,7.05562e-05,5.65326
5600,106.205,0.195929,0.345098,0.0450301,2.69451,6.95441e-05,5.97747
5700,105.403,0.19306,0.341057,0.0437468,2.65646,6.85231e-05,5.94238
5800,105.401,0.198805,0.348751,0.0442508,2.7298,6.74936e-05,5.04051
5900,105.346,0.195159,0.344009,0.0442732,2.68388,6.64562e-05,5.6087
6000,77.5453,0.195043,0.344054,0.0444905,2.68303,6.54115e-05,6.16314
6000,,,,,,,
6100,66.5662,0.19242,0.33965,0.0431469,2.64664,6.436e-05,5.53245
6200,107.728,0.198474,0.339838,0.0434266,2.70784,6.33022e-05,6.34813
6300,106.664,0.197906,0.343243,0.0439665,2.70951,6.22388e-05,5.26738
6400,105.998,0.196791,0.342405,0.0441902,2.69691,6.11703e-05,4.83656
6500,105.387,0.198411,0.343793,0.0452748,2.71697,6.00972e-05,5.3504
6600,102.187,0.197475,0.338288,0.0449022,2.69623,5.90201e-05,5.60587
6700,105.642,0.194598,0.334532,0.0426941,2.65773,5.79396e-05,5.44494
6800,104.665,0.193859,0.341329,0.0439569,2.66521,5.68562e-05,5.86712
6900,105.253,0.193916,0.337221,0.0436599,2.65726,5.57705e-05,5.97339
7000,105.105,0.193707,0.342204,0.0432517,2.66473,5.46831e-05,5.88907
7100,105.187,0.197888,0.335815,0.045544,2.69606,5.35946e-05,5.38653
7200,104.793,0.194141,0.334256,0.0435876,2.65351,5.25054e-05,5.3098
7300,104.697,0.196907,0.343626,0.0445104,2.70083,5.14163e-05,5.32333
7400,104.508,0.192881,0.333948,0.0437069,2.64041,5.03278e-05,5.31486
7500,105.643,0.191809,0.330818,0.04352,2.62325,4.92404e-05,5.35238
7600,104.349,0.198386,0.342354,0.0448078,2.71337,4.81547e-05,5.34556
7700,105.497,0.195172,0.335049,0.0449916,2.66681,4.70713e-05,5.39187
7800,104.821,0.192802,0.331585,0.0432925,2.63448,4.59907e-05,nan
7900,105.026,0.195341,0.337725,0.0450316,2.6739,4.49136e-05,5.65708
8000,98.5501,0.198312,0.338083,0.0428653,2.70215,4.38404e-05,5.56499
8000,,,,,,,
8100,71.1332,0.191023,0.333434,0.0433211,2.62042,4.27718e-05,4.86476
8200,104.665,0.191942,0.340199,0.0436006,2.64342,4.17084e-05,4.93548
8300,105.584,0.191739,0.329679,0.043101,2.61985,4.06506e-05,5.59037
8400,105.137,0.195698,0.341565,0.0453593,2.68547,3.9599e-05,5.31746
8500,70.3987,0.195153,0.337626,0.0444307,3.13016,3.85542e-05,5.5899
8600,74.2933,0.192581,0.341204,0.0449503,3.12105,3.75168e-05,nan
8700,74.1366,0.194966,0.339971,0.0440832,3.14423,3.64872e-05,5.69508
8800,74.2519,0.19179,0.336007,0.0443679,3.10668,3.5466e-05,5.96466
8900,73.6417,0.191362,0.338749,0.0440601,3.108,3.44538e-05,5.50118
9000,74.1121,0.188188,0.336123,0.0418727,3.0713,3.34511e-05,5.77115
9100,73.7217,0.195982,0.338009,0.044033,3.15604,3.24584e-05,5.1471
9200,65.0756,0.193851,0.341366,0.0436952,3.14259,3.14763e-05,5.1067
9300,63.6184,0.194188,0.341937,0.043993,3.148,3.05052e-05,5.37036
9400,75.0411,0.192186,0.341405,0.043355,3.12828,2.95456e-05,5.33374
9500,58.6016,0.191003,0.331204,0.0427593,3.09794,2.85982e-05,5.96754
9600,75.1636,0.191707,0.331469,0.0435317,3.10719,2.76633e-05,5.41025
9700,75.1653,0.196774,0.346036,0.0449785,3.19205,2.67415e-05,5.27969
9800,74.8017,0.193385,0.334859,0.0433312,3.13477,2.58332e-05,5.52516
9900,74.7384,0.192559,0.340306,0.0440384,3.13739,2.49389e-05,5.31288
10000,74.2848,0.190277,0.341466,0.0432658,3.11791,2.40591e-05,5.57276
10000,,,,,,,
10100,44.6526,0.190657,0.334375,0.0428211,3.10756,2.31943e-05,5.56315
10200,76.2929,0.191232,0.332965,0.0414539,3.11231,2.23449e-05,5.55387
10300,74.2476,0.191517,0.336385,0.0445833,3.12656,2.15113e-05,5.76429
10400,74.9676,0.191293,0.331635,0.0438444,3.1114,2.06941e-05,5.40598
10500,74.5197,0.190255,0.336213,0.0422061,3.11231,1.98935e-05,5.14302
10600,73.8587,0.196399,0.33708,0.043015,3.17656,1.91101e-05,5.66811
10700,74.3885,0.19446,0.3319,0.043135,3.15272,1.83443e-05,5.58765
10800,73.8958,0.195554,0.334613,0.0422664,3.16569,1.75964e-05,5.77051
10900,74.0601,0.194916,0.336669,0.0428611,3.16658,1.68669e-05,5.56882
11000,74.3264,0.190565,0.335451,0.0421304,3.11772,1.61561e-05,5.42616
11100,74.4558,0.189143,0.325915,0.042957,3.0872,1.54644e-05,5.3339
11200,74.9616,0.194032,0.334945,0.0432628,3.15333,1.47922e-05,5.6097
11300,74.759,0.193363,0.341274,0.0449308,3.16246,1.41399e-05,5.7079
11400,75.0678,0.195773,0.32856,0.0431567,3.1608,1.35077e-05,5.82815
11500,59.3248,0.191279,0.342147,0.0437302,3.1415,1.2896e-05,5.74245
11600,74.9439,0.193939,0.334876,0.0413169,3.15465,1.23051e-05,5.22502
11700,75.221,0.194562,0.341656,0.0436827,3.17894,1.17354e-05,5.67702
11800,74.68,0.187749,0.334428,0.0431455,3.09647,1.1187e-05,5.44498
11900,74.4394,0.193616,0.335734,0.0439363,3.15782,1.06605e-05,5.55625
12000,74.5546,0.19617,0.340112,0.0455512,3.18974,1.01559e-05,5.14906
12000,,,,,,,
12100,59.8677,0.189709,0.333111,0.0426305,3.11015,9.67357e-06,5.60781
12200,74.7007,0.191614,0.332948,0.0424659,3.13308,9.21378e-06,5.48997
12300,74.5046,0.189744,0.329622,0.0453055,3.10838,8.77674e-06,5.58734
12400,74.678,0.189043,0.339463,0.0431671,3.11803,8.3627e-06,5.42352
12500,74.3227,0.18957,0.334056,0.0423771,3.11212,7.97186e-06,5.69825
12600,74.7144,0.18717,0.336905,0.0423647,3.09766,7.60444e-06,5.44311
12700,74.2952,0.189439,0.331008,0.0423893,3.10825,7.26062e-06,5.3189
12800,74.6853,0.190932,0.330492,0.0416688,3.11973,6.9406e-06,5.56541
12900,74.8086,0.186657,0.335043,0.0420073,3.08713,6.64452e-06,5.90048
13000,74.8,0.193044,0.333618,0.0422448,3.14981,6.37257e-06,5.5463
13100,74.6399,0.193988,0.333176,0.0433218,3.16042,6.12486e-06,5.72261
13200,74.0751,0.190157,0.331025,0.0439015,3.1183,5.90154e-06,5.83059
13300,63.5807,0.189339,0.331056,0.0437434,3.1092,5.70273e-06,5.77845
13400,71.7095,0.194115,0.338004,0.0423757,3.1699,5.52852e-06,5.67945
13500,74.8059,0.190789,0.332287,0.0445647,3.12965,5.379e-06,5.57576
13600,74.8835,0.190831,0.336453,0.0430812,3.13832,5.25427e-06,5.94362
13700,74.3665,0.186969,0.335797,0.0421411,3.09622,5.15438e-06,5.61788
13800,74.6309,0.188527,0.332444,0.0420497,3.10625,5.07939e-06,5.6339
13900,74.6026,0.187701,0.340557,0.0428904,3.11398,5.02932e-06,5.74289
14000,74.1324,0.195523,0.332062,0.044972,3.1772,5.00423e-06,5.65033
14000,,,,,,,
